Id,Label
目标,目标
检测,检测
精度,精度
低,低
交通,交通
模型,模型
参,参
数量,数量
问题,问题
提出,提出
一种,一种
改进,改进
YOLO11s,YOLO11s
算法,算法
尺度,尺度
不一,不一
挑战,挑战
设计,设计
特征提取,特征提取
模块,模块
MFEM,MFEM
集成,集成
形状,形状
注意力,注意力
阶段,阶段
特征,特征
交互,交互
机制,机制
扩大,扩大
感受,感受
野,野
增强,增强
不同,不同
提取,提取
能力,能力
全局,全局
局部,局部
双向,双向
金字塔,金字塔
网络,网络
GLBiFPN,GLBiFPN
利用,利用
上下文,上下文
建模,建模
细节,细节
强化,强化
策略,策略
减少,减少
跨,跨
融合,融合
中,中
信息,信息
损失,损失
提高,提高
性能,性能
最后,最后
共享,共享
头,头
DESH,DESH
卷积,卷积
参数,参数
捕获,捕获
每个,每个
能够,能够
VisDrone2019,VisDrone2019
数据,数据
集上,集上
实验,实验
结果表明,结果表明
PmAP50,PmAP50
PmAP5095,PmAP5095
达到,达到
425,425
259,259
基准,基准
相比,相比
提升,提升
35,35
25,25
量减少,量减少
138,138
证明,证明
有效性,有效性
传统,传统
自动,自动
紧急制动,紧急制动
automatic,automatic
emergency,emergency
braking,braking
AEB,AEB
系统,系统
信号,信号
交叉口,交叉口
场景,场景
下因,下因
车辆,车辆
机动,机动
意图,意图
确定,确定
而易,而易
出现,出现
漏,漏
触发,触发
识别,识别
控制策略,控制策略
intention,intention
recognition,recognition
IRAEB,IRAEB
感知,感知
决策,决策
层面,层面
自然,自然
驾驶,驾驶
构建,构建
结合,结合
拓扑,拓扑
生成,生成
分支,分支
候选,候选
轨迹,轨迹
建立,建立
概率,概率
加权,加权
期望,期望
碰撞,碰撞
时间,时间
expected,expected
timetocollision,timetocollision
ETTC,ETTC
风险,风险
量化,量化
指标,指标
控制,控制
执行,执行
引入,引入
主,主
动态,动态
筛选,筛选
适应,适应
固定,固定
阈值,阈值
滞,滞
回,回
逻辑,逻辑
制动,制动
方法,方法
依托,依托
MATLABSimulink,MATLABSimulink
闭环,闭环
仿真,仿真
平台,平台
CNCAP,CNCAP
规定,规定
左转,左转
直行,直行
测试,测试
cartocar,cartocar
front,front
turnacrosspath,turnacrosspath
CCFT,CCFT
典型,典型
双车,双车
冲突,冲突
及三车,及三车
扩展,扩展
进行,进行
验证,验证
分类,分类
准确率,准确率
达,达
9584,9584
宏,宏
平均,平均
F1,F1
值为,值为
0955,0955
最大,最大
减,减
速度限制,速度限制
ms2,ms2
当前,当前
智能,智能
领域,领域
模态,模态
技术,技术
人才,人才
需求,需求
较大,较大
校企,校企
协同,协同
教学模式,教学模式
显著,显著
推动,推动
技能,技能
人才培养,人才培养
效能,效能
文章,文章
现阶段,现阶段
研究,研究
现状,现状
特点,特点
出发,出发
阐述,阐述
必要性,必要性
三种,三种
主要,主要
模式,模式
订单式,订单式
培养,培养
共建,共建
实训,实训
基地,基地
产学研,产学研
合作,合作
案例,案例
研究法,研究法
解析,解析
高校,高校
一家,一家
企业,企业
达成,达成
共同,共同
开展,开展
课程,课程
教学,教学
过程,过程
给出,给出
情况,情况
反馈,反馈
评价,评价
实践,实践
表明,表明
有效,有效
学生,学生
素质,素质
就业,就业
竞争力,竞争力
为物,为物
联网,联网
赋能,赋能
提供,提供
推广,推广
范式,范式
有助于,有助于
相关,相关
专业,专业
培养目标,培养目标
定位,定位
课程体系,课程体系
设置,设置
方面,方面
优化,优化
创新,创新
复杂,复杂
光照,光照
变化,变化
姿态,姿态
差异,差异
遮挡,遮挡
导致,导致
下降,下降
轻量级,轻量级
框架,框架
MMASTFL,MMASTFL
核心,核心
体现,体现
三重,三重
一是,一是
通道,通道
空间,空间
ACSA,ACSA
MobileNetV2,MobileNetV2
车牌,车牌
车灯,车灯
关键,关键
区域,区域
表征,表征
二是,二是
LSTMTALSTM,LSTMTALSTM
多头,多头
时序,时序
关键帧,关键帧
精准,精准
刻画,刻画
变道,变道
转弯,转弯
行为,行为
三是,三是
交叉,交叉
实现,实现
视觉,视觉
引导,引导
深度,深度
聚合,聚合
VeRi776,VeRi776
重,重
mAP,mAP
898Rank1,898Rank1
926,926
SOTA,SOTA
17,17
16,16
F1score,F1score
924,924
22,22
预测,预测
ADE,ADE
FDE,FDE
降至,降至
068,068
m,m
125,125
误差,误差
降低,降低
133,133
154,154
消融,消融
证实,证实
均,均
带来,带来
增益,增益
可视化,可视化
分析,分析
进一步,进一步
逆光,逆光
极端,极端
条件,条件
鲁棒性,鲁棒性
交通系统,交通系统
高效,高效
可靠,可靠
解决方案,解决方案
机械,机械
臂,臂
伸缩,伸缩
高清,高清
相机,相机
咔嚓,咔嚓
成像,成像
红外,红外
镜头,镜头
缓缓,缓缓
扫过,扫过
1500,1500
点位,点位
检修,检修
分钟,分钟
回传,回传
总控,总控
台,台
凌晨,凌晨
济南,济南
轨道交通,轨道交通
号线,号线
王府,王府
庄,庄
车辆段,车辆段
一台,一台
白色,白色
巡检,巡检
机器人,机器人
正,正
轨道,轨道
自主,自主
行进,行进
电,电
客车,客车
做,做
全身,全身
体检,体检
这款,这款
重工,重工
集团,集团
有限公司,有限公司
联合,联合
高速公路,高速公路
路侧,路侧
雷达,雷达
普遍存在,普遍存在
传感器,传感器
时空,时空
异步,异步
环境噪声,环境噪声
干扰,干扰
物理,物理
跨域,跨域
重构,重构
语义,语义
关联,关联
运动学,运动学
平滑,平滑
双层,双层
处理,处理
掩码,掩码
监督,监督
预,预
训练,训练
Transformer,Transformer
编码器,编码器
学习,学习
点,点
运动,运动
状态,状态
习得,习得
内在,内在
规律,规律
出,出
包含,包含
指纹,指纹
完成,完成
匹配,匹配
重叠,重叠
区,区
双源,双源
观测,观测
高,高
置信度,置信度
区间,区间
卡尔曼滤波,卡尔曼滤波
RTSRauchTungStriebel,RTSRauchTungStriebel
上下游,上下游
传播,传播
约束,约束
全域,全域
一致性,一致性
真实,真实
试验,试验
976,976
147,147
位置,位置
方根,方根
抗噪性,抗噪性
度上,度上
优于,优于
几何,几何
生成式,生成式
敏感性,敏感性
揭示,揭示
150,150
区为,区为
拐点,拐点
可为,可为
工程,工程
部署,部署
理论依据,理论依据
月,月
日,日
第十届,第十届
世界,世界
交通运输,交通运输
大会,大会
天津,天津
启幕,启幕
这场,这场
AI,AI
主题,主题
盛会,盛会
多项,多项
前沿技术,前沿技术
成果,成果
集中,集中
亮相,亮相
同台,同台
展示,展示
人工智能,人工智能
数字,数字
孪生,孪生
新一代,新一代
行业,行业
丰硕成果,丰硕成果
全景,全景
呈现,呈现
勾勒,勾勒
智慧,智慧
未来,未来
发展,发展
崭新,崭新
图景,图景
放眼,放眼
华夏,华夏
构成,构成
要素,要素
革新,革新
运行,运行
重塑,重塑
治理,治理
格局,格局
产生,产生
影响,影响
驱动,驱动
转型,转型
哲学,哲学
社会科学,社会科学
面对,面对
新生事物,新生事物
时,时
表现,表现
明显,明显
理论,理论
失语,失语
脱节,脱节
难以,难以
既有,既有
解释,解释
多元,多元
主体,主体
互动关系,互动关系
无法,无法
应用,应用
伦理,伦理
困境,困境
根源,根源
未能,未能
存在论,存在论
明确,明确
工具,工具
本质,本质
未,未
适配,适配
时代,时代
认识论,认识论
要求,要求
边缘,边缘
辅助,辅助
中心,中心
引领,引领
需,需
化为,化为
学科,学科
建构,建构
围绕,围绕
新,新
维度,维度
路径,路径
系统性,系统性
体系,体系
这一,这一
回应,回应
落地,落地
人机,人机
价值,价值
相适应,相适应
规范,规范
指引,指引
助力,助力
健康,健康
持续,持续
我国,我国
全球,全球
自然灾害,自然灾害
最为,最为
严重,严重
国家,国家
应急,应急
疏散,疏散
防灾,防灾
减灾,减灾
常用,常用
手段,手段
实际,实际
中常,中常
快速,快速
转运,转运
大量,大量
脆弱,脆弱
群体,群体
老年人,老年人
孕妇,孕妇
伤员,伤员
灾后,灾后
地面,地面
路,路
网易,网易
受损,受损
发生,发生
交通拥堵,交通拥堵
制约,制约
效率,效率
电动,电动
垂直,垂直
起降,起降
飞行器,飞行器
eVTOL,eVTOL
具备,具备
越障,越障
通行,通行
高速,高速
形成,形成
运力,运力
互补,互补
突破,突破
瓶颈,瓶颈
本文,本文
考虑,考虑
地空,地空
转换,转换
载客量,载客量
换乘,换乘
服务,服务
延迟,延迟
最小化,最小化
总,总
分流,分流
比例,比例
径流量,径流量
分配,分配
元胞,元胞
传输,传输
CTM,CTM
交通流,交通流
演化过程,演化过程
载客,载客
交替,交替
方向,方向
乘子法,乘子法
A,A
DMM,DMM
分解,分解
求解,求解
Sioux,Sioux
Falls,Falls
路网,路网
单一,单一
效益,效益
增大,增大
呈,呈
凹,凹
增长,增长
趋势,趋势
趋于稳定,趋于稳定
存在,存在
一个,一个
最优,最优
资源,资源
算例,算例
比约,比约
0382,0382
节点,节点
空中走廊,空中走廊
等待,等待
纯,纯
公交车,公交车
行驶,行驶
能耗,能耗
车路,车路
环境,环境
节能,节能
车速,车速
动力系统,动力系统
热,热
神经网络,神经网络
PhysicsInformed,PhysicsInformed
Neural,Neural
NetworkPINN,NetworkPINN
纵向,纵向
动力学,动力学
基础,基础
能量,能量
回收,回收
损耗,损耗
因素,因素
更,更
符合实际,符合实际
面向,面向
窗口,窗口
上层,上层
相位,相位
配时,配时
Signal,Signal
Phase,Phase
and,and
TimingSPaT,TimingSPaT
机会,机会
判别,判别
下层,下层
采用,采用
S,S
型,型
曲线,曲线
计算,计算
驰,驰
工况,工况
前,前
车,车
Intelligent,Intelligent
Driver,Driver
ModelIDM,ModelIDM
安全,安全
边界,边界
Model,Model
Predictive,Predictive
ControlMPC,ControlMPC
滚动,滚动
规划,规划
性,性
安全性,安全性
经济性,经济性
绿灯,绿灯
红灯,红灯
提,提
实车,实车
3193,3193
4062,4062
4258,4258
所提,所提
交,交
行人,行人
准确性,准确性
尤其,尤其
干预,干预
情境,情境
突变,突变
图,图
异构,异构
关系,关系
GNN,GNN
邻接,邻接
依赖,依赖
捕捉,捕捉
个体,个体
速度,速度
加速度,加速度
航向,航向
角,角
先验,先验
突发,突发
响应,响应
SUMO,SUMO
三类,三类
E1E3,E1E3
采集,采集
结果显示,结果显示
071mFDE,071mFDE
148m,148m
SocialLSTMSGCN,SocialLSTMSGCN
现有,现有
整体,整体
贡献,贡献
预判,预判
支撑,支撑
非机动车,非机动车
细粒度,细粒度
面临,面临
层次化,层次化
难,难
缺乏,缺乏
类内,类内
调制,调制
自行车,自行车
及多类,及多类
配送,配送
图像,图像
集,集
FNVID,FNVID
AHM,AHM
对齐,对齐
序列,序列
Mamba,Mamba
选择性,选择性
门控,门控
层级,层级
层次,层次
类别,类别
相似性,相似性
相同,相同
大类,大类
子类,子类
分数,分数
方差,方差
符合,符合
结构,结构
分布,分布
类间,类间
YOLOv8,YOLOv8
YOLOv8AHM,YOLOv8AHM
mAP50,mAP50
932mAP5095,932mAP5095
887,887
基线,基线
23,23
28,28
百分点,百分点
聚焦,聚焦
箱,箱
头盔,头盔
服装,服装
保持,保持
较强,较强
执法,执法
可行,可行
方案,方案
无人机,无人机
UAV,UAV
三维,三维
机动性,机动性
俯视,俯视
视角,视角
成为,成为
ITS,ITS
补充,补充
航拍,航拍
密集,密集
漂移,漂移
透视,透视
畸变,畸变
域,域
偏移,偏移
高精度,高精度
梳理,梳理
演进,演进
脉络,脉络
剖析,剖析
核心技术,核心技术
总结,总结
两,两
单,单
式,式
历程,历程
归纳,归纳
深入,深入
网络结构,网络结构
轻量化,轻量化
RGB,RGB
关键技术,关键技术
全面,全面
交通流量,交通流量
监测,监测
管理,管理
交通安全,交通安全
主动,主动
防控,防控
违法,违法
基础设施,基础设施
凝练,凝练
局限性,局限性
指出,指出
任务,任务
定义,定义
评测,评测
偏离,偏离
覆盖,覆盖
均衡,均衡
泛化,泛化
不足,不足
展望,展望
探讨,探讨
经济,经济
交通运输业,交通运输业
背景,背景
下以,下以
GPS,GPS
监控,监控
货运,货运
物流,物流
运输,运输
经济效益,经济效益
驱动力,驱动力
合理,合理
降低成本,降低成本
消耗,消耗
工作效率,工作效率
提质,提质
增效,增效
参考,参考
思路,思路
报告会,报告会
原生,原生
具身,具身
盾构,盾构
掘进,掘进
议题,议题
三个,三个
数智,数智
底层,底层
载体,载体
语言,语言
大模,大模
加快,加快
城市,城市
重要,重要
课题,课题
信号灯,信号灯
交叉路口,交叉路口
调度,调度
满足,满足
联动,联动
V2I,V2I
通信,通信
适用,适用
路口,路口
窗,窗
冲突检测,冲突检测
调整,调整
网格,网格
强度,强度
具有,具有
良好,良好
前景,前景
研究成果,研究成果
日常,日常
直接,直接
行车,行车
故对,故对
关键部件,关键部件
准确,准确
尤为,尤为
目视,目视
方式,方式
低且,低且
差,差
人机交互,人机交互
不便,不便
上述,上述
RK3588,RK3588
芯片,芯片
认知,认知
功能,功能
YOLOv11,YOLOv11
实时,实时
知识库,知识库
DeepSeekR1,DeepSeekR1
蒸馏,蒸馏
Qwen3,Qwen3
推理,推理
问答,问答
建,建
现实,现实
Augmented,Augmented
RealityAR,RealityAR
原型,原型
显示,显示
语音,语音
mAP05,mAP05
563,563
帧,帧
率,率
可达,可达
FPS,FPS
响应速度,响应速度
预期,预期
相对,相对
低成本,低成本
实用,实用
智能化,智能化
恶意,恶意
攻击,攻击
自私,自私
不可,不可
信且,信且
易,易
引发,引发
信誉,信誉
贬值,贬值
区块,区块
链,链
评估,评估
高斯,高斯
朴素,朴素
贝叶斯,贝叶斯
旨在,旨在
事件,事件
确认,确认
度为,度为
更新,更新
合约,合约
信令,信令
博弈,博弈
奖惩,奖惩
税收,税收
用于,用于
维持,维持
动态平衡,动态平衡
精确度,精确度
召回,召回
82,82
81,81
隐蔽性,隐蔽性
开关,开关
min,min
清零,清零
抑制,抑制
网络攻击,网络攻击
理性,理性
避免,避免
保障,保障
城市交通,城市交通
终端,终端
效果,效果
业务流程,业务流程
个性化,个性化
供给,供给
现代,现代
精细化,精细化
深化,深化
流程,流程
出行,出行
票务,票务
办理,办理
协助,协助
衔接,衔接
试点,试点
运营,运营
用户,用户
耗时,耗时
缩短,缩短
277,277
s,s
成功率,成功率
137,137
满意度,满意度
42,42
分,分
满分,满分
老年,老年
独立,独立
操作,操作
372,372
局限,局限
体验,体验
高质量,高质量
延时,延时
巡航,巡航
ACCAdaptive,ACCAdaptive
Cruise,Cruise
Control,Control
稳定性,稳定性
普遍认为,普遍认为
ACC,ACC
测量,测量
忽略,忽略
控制器,控制器
指令,指令
下发,下发
执行器,执行器
效应,效应
场地,场地
辨识,辨识
发现,发现
两类,两类
外,外
控制指令,控制指令
探究,探究
对系统,对系统
特性,特性
项,项
运用,运用
传递函数,传递函数
分析法,分析法
推导,推导
得到,得到
车队,车队
队列,队列
判定,判定
稳定,稳定
数值,数值
具体,具体
结论,结论
一致,一致
会,会
缩减,缩减
不会,不会
改变,改变
Ⅰ,Ⅰ
类,类
值得注意,值得注意
系数,系数
趋于,趋于
极小值,极小值
取值,取值
车头,车头
时距,时距
倒数,倒数
受,受
绝对,绝对
标定,标定
安全控制,安全控制
中国,中国
建议,建议
不要,不要
加泰罗尼亚,加泰罗尼亚
视为,视为
市场,市场
而应,而应
当作,当作
长期,长期
战略,战略
合作伙伴,合作伙伴
近日,近日
西班牙,西班牙
自治区,自治区
政府,政府
劳工,劳工
厅,厅
厅长,厅长
米克尔,米克尔
桑佩尔,桑佩尔
Miquel,Miquel
à,à
mper,mper
接受,接受
21,21
世纪,世纪
报道,报道
记者,记者
独家,独家
专访,专访
时说,时说
拥有,拥有
南欧,南欧
最具,最具
工业,工业
体,体
车流,车流
追踪,追踪
依赖于,依赖于
目前,目前
取得,取得
很大,很大
中常会,中常会
Dense,Dense
Vehicle,Vehicle
RealTime,RealTime
Detection,Detection
RTDETRDV,RTDETRDV
变换器,变换器
RTDETR,RTDETR
漏检,漏检
尺寸,尺寸
MultiScale,MultiScale
MSVD,MSVD
更好,更好
分离,分离
Feature,Feature
Separation,Separation
DVFS,DVFS
Pyramid,Pyramid
Network,Network
FPN,FPN
剥离,剥离
区分度,区分度
加速,加速
收敛,收敛
函数,函数
BITV,BITV
路段,路段
处,处
智能网,智能网
联,联
Connected,Connected
Autonomous,Autonomous
CAV,CAV
往往,往往
低易,低易
引起,引起
后方,后方
人工,人工
Humandriving,Humandriving
VehicleHV,VehicleHV
超车,超车
混合,混合
应对,应对
HV,HV
跟随,跟随
意愿,意愿
分为,分为
常规,常规
有限,有限
状态机,状态机
描述,描述
整数,整数
二次,二次
行程,行程
油耗,油耗
最大化,最大化
舒适度,舒适度
被动,被动
行,行
Improved,Improved
Passive,Passive
Yielding,Yielding
Strategy,Strategy
IPYS,IPYS
减小,减小
负面影响,负面影响
占,占
流量,流量
水平,水平
2030,2030
之间,之间
周期,周期
长度,长度
AVs,AVs
人类,人类
HVs,HVs
拥堵,拥堵
致因,致因
文献,文献
界定,界定
范围,范围
出口,出口
匝道,匝道
车道,车道
数,数
渗透率,渗透率
自变量,自变量
因变量,因变量
选取,选取
AV,AV
搭建,搭建
Python,Python
自动化,自动化
获取,获取
多种,多种
综合,综合
将致,将致
堵,堵
输入,输入
输出,输出
极限,极限
梯度,梯度
XGBoost,XGBoost
沙普利,沙普利
加法,加法
SHAP,SHAP
度,度
单个,单个
平均速度,平均速度
密度,密度
此基础,此基础
管控,管控
数对,数对
贡献度,贡献度
依次,依次
递减,递减
主线,主线
大于,大于
500,500
pcuh1,pcuh1
03,03
正向,正向
05,05
山地,山地
高频,高频
接驳,接驳
滞后,滞后
失衡,失衡
站,站
一体化,一体化
多源,多源
5GV2X,5GV2X
时延,时延
实景,实景
乘客,乘客
利用率,利用率
608333,608333
195,195
实用性,实用性
01,01
困住,困住
早,早
高峰,高峰
红绿灯,红绿灯
僵化,僵化
导航,导航
路况,路况
乱象,乱象
症结,症结
数据处理,数据处理
设备,设备
远端,远端
云,云
计算中心,计算中心
中央,中央
大脑,大脑
摄像头,摄像头
网联,网联
汽车,汽车
激增,激增
海量,海量
挤占,挤占
造成,造成
加重,加重
云端,云端
负荷,负荷
计算技术,计算技术
破解,破解
之道,之道
增设,增设
分布式,分布式
小脑,小脑
就近,就近
解决,解决
减轻,减轻
负担,负担
实验室,实验室
走向,走向
产业,产业
配置管理,配置管理
资产,资产
强国,强国
建设,建设
纲要,纲要
立体,立体
交通网,交通网
实施,实施
数字化,数字化
升级,升级
牵引,牵引
数据分析,数据分析
信息技术,信息技术
网络化,网络化
参与者,参与者
日益,日益
紧密,紧密
经验,经验
判断,判断
事后,事后
处置,处置
管理模式,管理模式
特别,特别
混驾,混驾
道路设施,道路设施
突发事件,突发事件
扰动,扰动
不确定性,不确定性
演化,演化
动态性,动态性
凸显,凸显
亟待,亟待
标注,标注
开放,开放
未知,未知
无需,无需
弱,弱
适应性,适应性
稀疏,稀疏
点云,点云
补全,补全
转化,转化
单目,单目
红绿蓝,红绿蓝
激光雷达,激光雷达
LiDAR,LiDAR
稠密,稠密
伪点,伪点
二维,二维
三维空间,三维空间
反向,反向
视,视
锥体,锥体
噪声,噪声
聚类,聚类
DBSCAN,DBSCAN
分割,分割
感兴趣,感兴趣
投影,投影
评分,评分
鲁棒,鲁棒
框在,框在
知识,知识
教师,教师
朝向,朝向
迁移,迁移
至点,至点
云域,云域
物体,物体
估计,估计
实例,实例
掩膜,掩膜
框以,框以
缓解,缓解
拖,拖
尾,尾
卡尔斯鲁厄,卡尔斯鲁厄
理工学院,理工学院
丰田,丰田
大学,大学
KITTI,KITTI
难度,难度
下均,下均
远距离,远距离
更强,更强
VS3,VS3
城市化,城市化
进程,进程
不断深入,不断深入
不断完善,不断完善
复杂性,复杂性
日趋,日趋
机动车,机动车
保有量,保有量
持续上升,持续上升
污染,污染
严峻,严峻
Transportation,Transportation
System,System
应运而生,应运而生
决策控制,决策控制
有力,有力
热点,热点
意义,意义
诸多,诸多
介绍,介绍
上将,上将
划分,划分
循环,循环
类型,类型
重点,重点
优缺点,优缺点
再次,再次
经典,经典
后续,后续
启发,启发
整合,整合
化,化
政策,政策
导向,导向
教育,教育
现行,现行
产教,产教
结构性,结构性
矛盾,矛盾
制度,制度
变革,变革
跨学科,跨学科
集群,集群
虚实,虚实
生态建设,生态建设
完善,完善
素养,素养
创新能力,创新能力
改革,改革
侧,侧
现代化,现代化
新一轮,新一轮
科技,科技
革命,革命
立足,立足
OBE,OBE
理念,理念
认证,认证
标准,标准
专业知识,专业知识
痛点,痛点
通专,通专
数理,数理
通识,通识
底座,底座
筑牢,筑牢
主干,主干
耦合,耦合
纽带,纽带
涵盖,涵盖
全,全
链条,链条
图谱,图谱
四级,四级
递进,递进
PBL,PBL
实证,实证
竞赛,竞赛
参与率,参与率
获奖,获奖
用人单位,用人单位
岗位,岗位
协作,协作
大幅提高,大幅提高
85,85
业务,业务
有机,有机
工科,工科
复合型,复合型
道路,道路
改扩建,改扩建
组织,组织
施工,施工
协调,协调
对此,对此
深入探讨,深入探讨
做好,做好
综述,综述
实地,实地
调研,调研
制定,制定
原则,原则
管理策略,管理策略
顺利,顺利
关键在于,关键在于
充分考虑,充分考虑
工序,工序
科学合理,科学合理
疏导,疏导
周边环境,周边环境
极为重要,极为重要
多方,多方
强调,强调
政府部门,政府部门
施工单位,施工单位
监理,监理
单位,单位
社会公众,社会公众
利益,利益
方要,方要
互相,互相
沟通,沟通
配合,配合
信息化,信息化
交通管理,交通管理
想法,想法
工程规划,工程规划
理论指导,理论指导
整体效益,整体效益
重大,重大
能为,能为
部门,部门
支持,支持
非线性,非线性
相关性,相关性
MambaHiLoGCN,MambaHiLoGCN
CorGCN,CorGCN
相结合,相结合
灵活,灵活
探索,探索
依赖性,依赖性
相互作用,相互作用
HiLo,HiLo
低频,低频
关注,关注
短期,短期
波动,波动
长期趋势,长期趋势
DDPG,DDPG
邻接矩阵,邻接矩阵
确保,确保
复杂多变,复杂多变
多个,多个
各项,各项
上均,上均
18,18
种,种
包括,包括
HAARIMALSTMGRUCNNDCRNNGMANTGCNSTGCNASTGCNSTSGCNAGCRNSTGODESTCGCNBiSTATASTMGODEASTTN,HAARIMALSTMGRUCNNDCRNNGMANTGCNSTGCNASTGCNSTSGCNAGCRNSTGODESTCGCNBiSTATASTMGODEASTTN
DDGformer,DDGformer
调控,调控
难题,难题
双,双
双环,双环
CACCcooperative,CACCcooperative
adaptive,adaptive
cruise,cruise
control,control
CAVsconnected,CAVsconnected
automated,automated
vehicles,vehicles
连续,连续
平稳,平稳
D3QNdouble,D3QNdouble
dueling,dueling
deep,deep
Qnetwork,Qnetwork
累计,累计
排队,排队
34,34
维,维
以车,以车
奖励,奖励
架构,架构
优先,优先
回放,回放
ε,ε
衰减,衰减
平衡,平衡
开发,开发
长,长
SUMOPython,SUMOPython
兰州市,兰州市
东方红,东方红
广场,广场
西侧,西侧
相较,相较
D3QN,D3QN
有所,有所
27,27
下午,下午
2026,2026
年,年
活动,活动
周,周
秦,秦
创原,创原
西安,西安
科创,科创
基金,基金
园,园
举办,举办
本次,本次
西安市,西安市
局,局
主办,主办
信息中心,信息中心
承办,承办
中国电信,中国电信
股份,股份
分公司,分公司
协办,协办
汇聚,汇聚
政,政
各界,各界
精英,精英
筑,筑
智行,智行
启新,启新
篇,篇
贯彻,贯彻
全球化,全球化
双碳,双碳
多重,多重
叙述性,叙述性
中外,中外
代表性,代表性
文件,文件
报告,报告
交叉学科,交叉学科
学部,学部
学术,学术
回顾,回顾
经济学,经济学
科学,科学
信息科学,信息科学
城乡规划,城乡规划
社会学,社会学
环境工程,环境工程
大气,大气
能源,能源
电气工程,电气工程
航空,航空
宇航,宇航
绿色,绿色
诉求,诉求
学术界,学术界
前瞻,前瞻
融入,融入
无人驾驶,无人驾驶
交通标志,交通标志
TT100k,TT100k
标志,标志
替换法,替换法
加雾,加雾
加雨,加雨
对象,对象
C2f,C2f
p2,p2
层,层
CIoU,CIoU
最终,最终
检验,检验
8640,8640
9090mAP05095,9090mAP05095
6760,6760
7100,7100
实验设计,实验设计
促进,促进
理解,理解
工作,工作
原理,原理
事故率,事故率
居高不下,居高不下
熵,熵
长短期,长短期
记忆,记忆
高保真,高保真
模拟,模拟
右,右
转行,转行
障碍物,障碍物
避让,避让
55,55
名,名
横向,横向
方向盘,方向盘
转角,转角
操控,操控
滑动,滑动
计算速度,计算速度
对应,对应
标准差,标准差
多维,多维
重复,重复
方差分析,方差分析
统计分析,统计分析
窗内,窗内
高于,高于
值,值
3007,3007
误报率,误报率
4245,4245
提前,提前
预警,预警
3684,3684
波动性,波动性
危险,危险
道路交通,道路交通
一定,一定
农村,农村
公里,公里
拓展,拓展
即时,即时
零售,零售
订单,订单
城乡,城乡
公交,公交
客货,客货
联运,联运
线路,线路
普通,普通
快递,快递
乡村,乡村
区段,区段
若干,若干
集聚,集聚
覆盖率,覆盖率
时效,时效
加急,加急
程度,程度
顺序,顺序
里程,里程
邻域,邻域
搜索,搜索
变,变
江苏省,江苏省
淮安市,淮安市
H22,H22
为例,为例
两种,两种
客流,客流
适中,适中
货量,货量
较少,较少
保证,保证
前提,前提
下相,下相
比较,比较
客运,客运
情景,情景
增加,增加
货物,货物
收入,收入
总收入,总收入
395721,395721
运价,运价
调节,调节
635614,635614
169186,169186
距离,距离
延误,延误
适宜,适宜
客流量,客流量
低时,低时
编者按,编者按
延寿,延寿
增韧,增韧
安全可靠,安全可靠
耐久,耐久
运维,运维
反应,反应
预防,预防
转变,转变
作用,作用
近年来,近年来
广大,广大
工作者,工作者
灾害,灾害
深入研究,深入研究
积极响应,积极响应
先进,先进
科研成果,科研成果
交流,交流
中南大学,中南大学
学报,学报
自然科学,自然科学
版,版
编辑部,编辑部
长沙,长沙
理工大学,理工大学
工程学院,工程学院
土木,土木
策划,策划
专刊,专刊
力图,力图
可能,可能
恢复,恢复
隐私,隐私
泄露,泄露
均匀,均匀
加噪,加噪
兼顾,兼顾
抗,抗
发布,发布
端到,端到
端,端
效用,效用
权衡,权衡
攻击能力,攻击能力
可用性,可用性
对抗,对抗
集将,集将
攻击者,攻击者
纳入,纳入
见,见
防护,防护
残差,残差
原始,原始
叠加,叠加
幅度,幅度
可控,可控
分量,分量
连续性,连续性
破坏,破坏
单元,单元
敏感度,敏感度
潜在,潜在
表示,表示
施加,施加
信息压缩,信息压缩
使高,使高
敏感区域,敏感区域
获得,获得
更高,更高
保真度,保真度
合成,合成
相近,相近
拉普拉斯,拉普拉斯
差分,差分
主流,主流
以多,以多
衡量,衡量
约,约
550652766,550652766
315121928,315121928
因果,因果
推理方法,推理方法
优势,优势
差及,差及
解释性,解释性
HSTNNHCDECE,HSTNNHCDECE
异质,异质
时空图,时空图
HSTNN,HSTNN
区分,区分
异,异
质子,质子
实体,实体
间,间
重要性,重要性
权重,权重
频域,频域
统计,统计
成分,成分
HCDE,HCDE
细微,细微
动作,动作
反,反
事实,事实
CE,CE
亲,亲
矩阵,矩阵
Acc,Acc
MacroF1,MacroF1
938,938
893,893
51,51
专用,专用
UADETRAC,UADETRAC
定量,定量
可信性,可信性
隧道,隧道
建造,建造
管片,管片
衬砌,衬砌
全过程,全过程
定性,定性
分析方法,分析方法
生产,生产
拼装,拼装
现状及,现状及
成效,成效
传统模式,传统模式
质量,质量
进度,进度
环保,环保
成本,成本
维护,维护
测绘,测绘
地理,地理
动态化,动态化
立体化,立体化
城市规划,城市规划
展现出,展现出
强大,强大
地理信息,地理信息
信息系统,信息系统
可操作性,可操作性
飞速发展,飞速发展
深刻影响,深刻影响
研判,研判
指挥,指挥
一体,一体
综合利用,综合利用
公共安全,公共安全
地理信息系统,地理信息系统
GIS,GIS
早期,早期
文中,文中
预案,预案
韧性,韧性
高碳,高碳
排放,排放
社会,社会
双重,双重
碳,碳
减排,减排
技术支持,技术支持
潜力,潜力
低碳,低碳
推进,推进
规模,规模
不断扩大,不断扩大
车站,车站
照明电,照明电
扶梯,扶梯
通风,通风
空调,空调
环节,环节
能源消耗,能源消耗
同步,同步
舒适,舒适
低能耗,低能耗
逐渐,逐渐
需要,需要
照明,照明
覆盖范围,覆盖范围
长是,长是
能效,能效
占据,占据
若能,若能
低压配电,低压配电
功率,功率
物,物
需求预测,需求预测
时分,时分
节能降耗,节能降耗
工程化,工程化
摘要,摘要
信息处理,信息处理
标准化,标准化
云边,云边
系统验证,系统验证
三大,三大
关键环节,关键环节
优异,优异
不断,不断
日趋严重,日趋严重
高度重视,高度重视
现代科技,现代科技
要点,要点
措施,措施
推广应用,推广应用
详细,详细
一套,一套
空中,空中
交通管制,交通管制
交接班,交接班
管理系统,管理系统
纸质,纸质
简单,简单
电子化,电子化
低下,低下
遗漏,遗漏
规范性,规范性
追溯,追溯
分层,分层
架构设计,架构设计
自然语言,自然语言
SQL,SQL
引擎,引擎
图形化,图形化
界面,界面
身份,身份
可追溯,可追溯
管制,管制
席位,席位
交接,交接
网关,网关
PostgreSQL,PostgreSQL
数据库,数据库
Microsoft,Microsoft
Excel,Excel
表单,表单
编辑器,编辑器
T5,T5
应用层,应用层
流程化,流程化
正多,正多
保障系统,保障系统
可靠性,可靠性
优势互补,优势互补
引言,引言
摆脱,摆脱
仅,仅
工作人员,工作人员
控制中心,控制中心
异常,异常
复核,复核
工单,工单
派发,派发
及全,及全
50,50
设想,设想
温州,温州
已经,已经
24,24
数据安全,数据安全
论坛,论坛
博园,博园
国际会议中心,国际会议中心
举行,举行
现场,现场
工程技术,工程技术
展开,展开
市中心,市中心
城区,城区
跨江,跨江
大桥,大桥
概况,概况
点明,点明
紧迫性,紧迫性
五大,五大
桥梁,桥梁
城市道路,城市道路
实时性,实时性
系统集成,系统集成
四大,四大
硬件,硬件
多样性,多样性
统一标准,统一标准
收费站,收费站
收费,收费
ETC,ETC
门架,门架
地磁,地磁
选用,选用
LSTM,LSTM
传输层,传输层
三层,三层
功能模块,功能模块
网络层,网络层
五层,五层
功能定位,功能定位
山西省,山西省
展望未来,展望未来
借鉴,借鉴
经营者,经营者
说,说
青岛,青岛
图灵,图灵
副总裁,副总裁
苏士斌,苏士斌
交通指挥,交通指挥
力,力
数以万计,数以万计
遍布,遍布
仅凭,仅凭
人眼,人眼
观察,观察
事故,事故
解决问题,解决问题
数学,数学
数学模型,数学模型
事故现场,事故现场
三角,三角
公路,公路
降噪,降噪
丢失,丢失
补偿,补偿
特征分析,特征分析
原始数据,原始数据
货车,货车
平稳性,平稳性
对非,对非
秦岭,秦岭
终南山,终南山
小时,小时
总体,总体
4229566,4229566
pcu,pcu
百分比,百分比
418106,418106
6428784,6428784
pcu657108,pcu657108
34203637,34203637
对模型,对模型
26973,26973
